{"acc": 16.279069900512695, "train loss": 5.800048655236673, "loss": 5.96649694442749, "running max acc": 16.279069900512695, "lr": 9.2236816e-05, "_timestamp": 1714631864.350913, "_runtime": 340.57332396507263, "_step": 3}