{"acc": 87.19035212033108, "train acc": 91.37804578722529, "train loss": 0.2041392230874494, "loss": 0.19189399863548354, "running max acc": 87.19035212033108, "lr": 3.294171999999999e-05, "_timestamp": 1716222165.3415854, "_runtime": 1756.799162387848, "_step": 2, "_wandb": {"runtime": 1860}}