{"acc": 87.7444589806349, "train loss": 0.12234692727395083, "loss": 0.17194527964626172, "running max acc": 87.7444589806349, "lr": 3.163722788799999e-05, "_timestamp": 1716193579.9218986, "_runtime": 3233.1170706748962, "_step": 5, "max acc": 87.7444589806349, "_wandb": {"runtime": 3231}}