{"acc": 2.411994784876141, "train loss": 1.4766633858279312, "loss": 1.433489841774514, "running max acc": 38.6245110821382, "lr": 9.604e-05, "_timestamp": 1716188322.6527948, "_runtime": 1984.0029428005219, "_step": 1}