{"acc": 99.56710082215149, "train loss": 1.4205609467122462, "loss": 1.3099140919648207, "running max acc": 99.56710082215149, "lr": 6.676079717550942e-05, "_timestamp": 1714565246.3883603, "_runtime": 6997.053866147995, "_step": 20, "max acc": 99.56710082215149, "_wandb": {"runtime": 6997}}