{"throughput": 141, "time per stem": 0.03543500900268554, "_timestamp": 1713518515.4196262, "_runtime": 14.431960344314575, "_step": 0, "_wandb": {"runtime": 13}}