{"throughput": 135, "time per stem": 0.03684849739074707, "_timestamp": 1713518536.8892908, "_runtime": 13.281301736831665, "_step": 0, "_wandb": {"runtime": 11}}