{"throughput": 274, "time per stem": 0.46571562290191654, "_timestamp": 1713774290.8392928, "_runtime": 128.7628037929535, "_step": 0, "_wandb": {"runtime": 127}}